Workbook

Sheet Summary
A1: Task Management Application
A3: Scope
A4: Some Test cases which are essential to check before deploying the application as these depicts the core functionality, validation, useful edge cases, persistence, basic security/authorization, and error handling.
A7: Test Case Summary
A8: Module | B8: Positive | C8: Negative | D8: Edge | E8: Total
A9: Registration | B9: =COUNTIFS('Test Cases'!$B:$B,A9,'Test Cases'!$H:$H,"Positive") -> 1 | C9: =COUNTIFS('Test Cases'!$B:$B,A9,'Test Cases'!$H:$H,"Negative") -> 7 | D9: =COUNTIFS('Test Cases'!$B:$B,A9,'Test Cases'!$H:$H,"Edge") -> 1 | E9: =SUM(B9:D9) -> 9
A10: Login | B10: =COUNTIFS('Test Cases'!$B:$B,A10,'Test Cases'!$H:$H,"Positive") -> 1 | C10: =COUNTIFS('Test Cases'!$B:$B,A10,'Test Cases'!$H:$H,"Negative") -> 8 | D10: =COUNTIFS('Test Cases'!$B:$B,A10,'Test Cases'!$H:$H,"Edge") -> 0 | E10: =SUM(B10:D10) -> 9
A11: Create Task | B11: =COUNTIFS('Test Cases'!$B:$B,A11,'Test Cases'!$H:$H,"Positive") -> 3 | C11: =COUNTIFS('Test Cases'!$B:$B,A11,'Test Cases'!$H:$H,"Negative") -> 2 | D11: =COUNTIFS('Test Cases'!$B:$B,A11,'Test Cases'!$H:$H,"Edge") -> 1 | E11: =SUM(B11:D11) -> 6
A12: View Task List | B12: =COUNTIFS('Test Cases'!$B:$B,A12,'Test Cases'!$H:$H,"Positive") -> 2 | C12: =COUNTIFS('Test Cases'!$B:$B,A12,'Test Cases'!$H:$H,"Negative") -> 2 | D12: =COUNTIFS('Test Cases'!$B:$B,A12,'Test Cases'!$H:$H,"Edge") -> 1 | E12: =SUM(B12:D12) -> 5
A13: Edit Task | B13: =COUNTIFS('Test Cases'!$B:$B,A13,'Test Cases'!$H:$H,"Positive") -> 3 | C13: =COUNTIFS('Test Cases'!$B:$B,A13,'Test Cases'!$H:$H,"Negative") -> 2 | D13: =COUNTIFS('Test Cases'!$B:$B,A13,'Test Cases'!$H:$H,"Edge") -> 0 | E13: =SUM(B13:D13) -> 5
A14: Delete Task | B14: =COUNTIFS('Test Cases'!$B:$B,A14,'Test Cases'!$H:$H,"Positive") -> 2 | C14: =COUNTIFS('Test Cases'!$B:$B,A14,'Test Cases'!$H:$H,"Negative") -> 1 | D14: =COUNTIFS('Test Cases'!$B:$B,A14,'Test Cases'!$H:$H,"Edge") -> 1 | E14: =SUM(B14:D14) -> 4
A15: Validation & Error Handling | B15: =COUNTIFS('Test Cases'!$B:$B,A15,'Test Cases'!$H:$H,"Positive") -> 0 | C15: =COUNTIFS('Test Cases'!$B:$B,A15,'Test Cases'!$H:$H,"Negative") -> 5 | D15: =COUNTIFS('Test Cases'!$B:$B,A15,'Test Cases'!$H:$H,"Edge") -> 1 | E15: =SUM(B15:D15) -> 6
A16: TOTAL | B16: =SUM(B9:B15) -> 12 | C16: =SUM(C9:C15) -> 27 | D16: =SUM(D9:D15) -> 5 | E16: =SUM(E9:E15) -> 44
A19: Bug/Risk Summary
A20: Severity | B20: Count
A21: Critical | B21: =COUNTIF('Bug Risks'!$D:$D,A21) -> 4
A22: Major | B22: =COUNTIF('Bug Risks'!$D:$D,A22) -> 5
A23: Minor | B23: =COUNTIF('Bug Risks'!$D:$D,A23) -> 1
A25: Design Approach
A26: • Positive cases verify successful behavior; negative cases verify rejection and validation; edge cases cover boundaries or unusual but realistic behavior.
A27: • Bug risks are potential risks, not confirmed defects, because the application was not executed.

Sheet Test Cases
A1: Test Case ID | B1: Module | C1: Test Scenario | D1: Precondition | E1: Test Steps | F1: Test Data | G1: Expected Result | H1: Test Type | I1: Priority
A2: REG-01 | B2: Registration | C2: Register with valid details | D2: Registration page is accessible | E2: Enter valid name, unique email and valid password; click Register | F2: Valid unique user details | G2: Account is created successfully and expected success/next-step response is displayed | H2: Positive | I2: High
A3: REG-02 | B3: Registration | C3: Submit with all required fields empty | D3: Registration page is accessible | E3: Leave all fields blank; click Register | F3: Blank fields | G3: Required-field validation is displayed and account is not created | H3: Negative | I3: High
A4: REG-03 | B4: Registration | C4: Submit with name empty | D4: Registration page is accessible | E4: Enter valid email/password; leave name blank; submit | F4: Name blank | G4: Name validation is displayed and registration is blocked | H4: Negative | I4: Medium
A5: REG-04 | B5: Registration | C5: Submit with email empty | D5: Registration page is accessible | E5: Enter valid name/password; leave email blank; submit | F5: Email blank | G5: Email validation is displayed and registration is blocked | H5: Negative | I5: High
A6: REG-05 | B6: Registration | C6: Submit with password empty | D6: Registration page is accessible | E6: Enter valid name/email; leave password blank; submit | F6: Password blank | G6: Password validation is displayed and registration is blocked | H6: Negative | I6: High
A7: REG-06 | B7: Registration | C7: Register using an existing email | D7: A registered user already exists | E7: Enter valid details using an existing email; submit | F7: Existing email | G7: Duplicate account is prevented and a clear error is displayed | H7: Negative | I7: High
A8: REG-07 | B8: Registration | C8: Enter invalid email format | D8: Registration page is accessible | E8: Enter malformed email such as abc@; submit | F8: abc@ | G8: Email validation is displayed and registration is blocked | H8: Negative | I8: High
A9: REG-08 | B9: Registration | C9: Enter spaces only in a required field | D9: Registration page is accessible | E9: Enter spaces in a required field; submit | F9: ' ' | G9: Spaces-only input is not accepted as valid data | H9: Negative | I9: Medium
A10: REG-09 | B10: Registration | C10: Test password at configured minimum length | D10: Password rule is configured | E10: Enter password exactly at configured minimum length; submit | F10: Boundary-length password | G10: Registration succeeds if all other requirements are valid | H10: Edge | I10: Medium
A11: LOGIN-01 | B11: Login | C11: Login with valid credentials | D11: A registered user exists | E11: Enter correct email/password; click Login | F11: Valid credentials | G11: User is authenticated and taken to the logged-in area/task list | H11: Positive | I11: Critical
A12: LOGIN-02 | B12: Login | C12: Login with incorrect password | D12: A registered user exists | E12: Enter correct email and wrong password | F12: Correct email + wrong password | G12: Login fails and an appropriate error is displayed | H12: Negative | I12: High
... A46: VAL-06 | B46: Validation & Error Handling | C46: Handle expired/invalid session | D46: User was previously authenticated | E46: Attempt a protected task operation after session expiry | F46: Invalid/expired session | G46: Access is denied and user is redirected/requested to authenticate | H46: Negative | I46: Critical

Sheet Bug Risks
A1: Bug/Risk ID | B1: Area | C1: Potential Bug / Risk | D1: Severity | E1: Reason / Impact
A2: BUG-RISK-01 | B2: Authorization | C2: Logged-in user may be able to view another user's tasks | D2: Critical | E2: Task data is sensitive user-owned information. Unauthorized access is a serious privacy/security failure.
A3: BUG-RISK-02 | B3: Authorization | C3: User may be able to edit another user's task by changing the task ID | D3: Critical | E3: Missing server-side ownership checks could allow unauthorized modification of data.
A4: BUG-RISK-03 | B4: Authorization | C4: User may be able to delete another user's task | D4: Critical | E4: Unauthorized deletion can cause permanent data loss for another user.
A5: BUG-RISK-04 | B5: Authentication/Security | C5: Passwords may not be securely hashed before storage | D5: Critical | E5: If credentials are stored insecurely, a database compromise could expose user passwords and accounts.
A6: BUG-RISK-05 | B6: Data Integrity | C6: Repeated clicks on Create may create duplicate tasks | D6: Major | E6: Duplicate records reduce data quality and indicate missing idempotency/debouncing or server-side safeguards.
A7: BUG-RISK-06 | B7: Data Integrity | C7: UI may show success even when database persistence fails | D7: Major | E7: This can create a mismatch between what the user sees and what is actually stored.
A8: BUG-RISK-07 | B8: Session Security | C8: Protected task data may remain accessible after logout via browser Back/cache | D8: Major | E8: A logged-out user should not be able to access protected application data.
A9: BUG-RISK-08 | B9: Input Validation/Security | C9: Malicious or script-like input may be accepted and rendered unsafely | D9: Major | E9: Unsafe handling can create injection/XSS risks and corrupt displayed data.
A10: BUG-RISK-09 | B10: Reliability | C10: Database/server failure may cause an unhandled application error | D10: Major | E10: Production users need graceful failure and meaningful feedback rather than crashes.
A11: BUG-RISK-10 | B11: Performance | C11: Large task lists may cause slow loading or UI instability | D11: Minor | E11: Poor handling of large datasets can degrade usability and may become a production scalability issue.
